{"cameraMode":{"drawMode":0,"name":"Shaded","section":"Shading Mode"},"sceneLighting":false,"audioPlay":false,"sceneViewState":{"m_AlwaysRefresh":false,"showFog":true,"showSkybox":false,"showFlares":true,"showImageEffects":true,"showParticleSystems":true,"showVisualEffectGraphs":true,"m_FxEnabled":true},"in2DMode":false,"pivot":{"x":0.2199999988079071,"y":0.5799999833106995,"z":-1.7740000486373902},"rotation":{"x":-0.1742493361234665,"y":0.06288761645555496,"z":-0.011138473637402058,"w":-0.9826552271842957},"size":0.13394801318645478,"orthographic":false}