{"cameraMode":{"drawMode":0,"name":"Shaded","section":"Shading Mode"},"sceneLighting":false,"audioPlay":false,"sceneViewState":{"m_AlwaysRefresh":false,"showFog":false,"showSkybox":false,"showFlares":false,"showImageEffects":false,"showParticleSystems":false,"showVisualEffectGraphs":true,"m_FxEnabled":true},"in2DMode":false,"pivot":{"x":-0.2215954065322876,"y":0.057064950466156009,"z":0.030445456504821779},"rotation":{"x":-0.01041483599692583,"y":0.9813969135284424,"z":-0.18346543610095979,"w":-0.05570417270064354},"size":1.2164180278778077,"orthographic":false}